lat,lng
28.4,76.85
28.4,76.86
28.4,76.86999999999999
28.4,76.88
28.4,76.89
28.4,76.89999999999999
28.4,76.91
28.4,76.92
28.4,76.92999999999999
28.4,76.94
28.4,76.95
28.4,76.96
28.4,76.97
28.4,76.98
28.4,76.99
28.4,77.0
28.4,77.00999999999999
28.4,77.02
28.4,77.03
28.4,77.03999999999999
28.4,77.05
28.4,77.06
28.4,77.07
28.4,77.08
28.4,77.09
28.4,77.1
28.4,77.11
28.4,77.12
28.4,77.13
28.4,77.14
28.4,77.15
28.4,77.16
28.4,77.17
28.4,77.18
28.4,77.19
28.4,77.2
28.4,77.21000000000001
28.4,77.22
28.4,77.23
28.4,77.24000000000001
28.4,77.25
28.4,77.26
28.4,77.27
28.4,77.28
28.4,77.29
28.4,77.3
28.4,77.31
28.4,77.32000000000001
28.4,77.33
28.4,77.34
28.4,77.35000000000001
28.4,77.36
28.4,77.37
28.4,77.38000000000001
28.4,77.39
28.4,77.4
28.41,76.85
28.41,76.86
28.41,76.86999999999999
28.41,76.88
28.41,76.89
28.41,76.89999999999999
28.41,76.91
28.41,76.92
28.41,76.92999999999999
28.41,76.94
28.41,76.95
28.41,76.96
28.41,76.97
28.41,76.98
28.41,76.99
28.41,77.0
28.41,77.00999999999999
28.41,77.02
28.41,77.03
28.41,77.03999999999999
28.41,77.05
28.41,77.06
28.41,77.07
28.41,77.08
28.41,77.09
28.41,77.1
28.41,77.11
28.41,77.12
28.41,77.13
28.41,77.14
28.41,77.15
28.41,77.16
28.41,77.17
28.41,77.18
28.41,77.19
28.41,77.2
28.41,77.21000000000001
28.41,77.22
28.41,77.23
28.41,77.24000000000001
28.41,77.25
28.41,77.26
28.41,77.27
28.41,77.28
28.41,77.29
28.41,77.3
28.41,77.31
28.41,77.32000000000001
28.41,77.33
28.41,77.34
28.41,77.35000000000001
28.41,77.36
28.41,77.37
28.41,77.38000000000001
28.41,77.39
28.41,77.4
28.419999999999998,76.85
28.419999999999998,76.86
28.419999999999998,76.86999999999999
28.419999999999998,76.88
28.419999999999998,76.89
28.419999999999998,76.89999999999999
28.419999999999998,76.91
28.419999999999998,76.92
28.419999999999998,76.92999999999999
28.419999999999998,76.94
28.419999999999998,76.95
28.419999999999998,76.96
28.419999999999998,76.97
28.419999999999998,76.98
28.419999999999998,76.99
28.419999999999998,77.0
28.419999999999998,77.00999999999999
28.419999999999998,77.02
28.419999999999998,77.03
28.419999999999998,77.03999999999999
28.419999999999998,77.05
28.419999999999998,77.06
28.419999999999998,77.07
28.419999999999998,77.08
28.419999999999998,77.09
28.419999999999998,77.1
28.419999999999998,77.11
28.419999999999998,77.12
28.419999999999998,77.13
28.419999999999998,77.14
28.419999999999998,77.15
28.419999999999998,77.16
28.419999999999998,77.17
28.419999999999998,77.18
28.419999999999998,77.19
28.419999999999998,77.2
28.419999999999998,77.21000000000001
28.419999999999998,77.22
28.419999999999998,77.23
28.419999999999998,77.24000000000001
28.419999999999998,77.25
28.419999999999998,77.26
28.419999999999998,77.27
28.419999999999998,77.28
28.419999999999998,77.29
28.419999999999998,77.3
28.419999999999998,77.31
28.419999999999998,77.32000000000001
28.419999999999998,77.33
28.419999999999998,77.34
28.419999999999998,77.35000000000001
28.419999999999998,77.36
28.419999999999998,77.37
28.419999999999998,77.38000000000001
28.419999999999998,77.39
28.419999999999998,77.4
28.43,76.85
28.43,76.86
28.43,76.86999999999999
28.43,76.88
28.43,76.89
28.43,76.89999999999999
28.43,76.91
28.43,76.92
28.43,76.92999999999999
28.43,76.94
28.43,76.95
28.43,76.96
28.43,76.97
28.43,76.98
28.43,76.99
28.43,77.0
28.43,77.00999999999999
28.43,77.02
28.43,77.03
28.43,77.03999999999999
28.43,77.05
28.43,77.06
28.43,77.07
28.43,77.08
28.43,77.09
28.43,77.1
28.43,77.11
28.43,77.12
28.43,77.13
28.43,77.14
28.43,77.15
28.43,77.16
28.43,77.17
28.43,77.18
28.43,77.19
28.43,77.2
28.43,77.21000000000001
28.43,77.22
28.43,77.23
28.43,77.24000000000001
28.43,77.25
28.43,77.26
28.43,77.27
28.43,77.28
28.43,77.29
28.43,77.3
28.43,77.31
28.43,77.32000000000001
28.43,77.33
28.43,77.34
28.43,77.35000000000001
28.43,77.36
28.43,77.37
28.43,77.38000000000001
28.43,77.39
28.43,77.4
28.439999999999998,76.85
28.439999999999998,76.86
28.439999999999998,76.86999999999999
28.439999999999998,76.88
28.439999999999998,76.89
28.439999999999998,76.89999999999999
28.439999999999998,76.91
28.439999999999998,76.92
28.439999999999998,76.92999999999999
28.439999999999998,76.94
28.439999999999998,76.95
28.439999999999998,76.96
28.439999999999998,76.97
28.439999999999998,76.98
28.439999999999998,76.99
28.439999999999998,77.0
28.439999999999998,77.00999999999999
28.439999999999998,77.02
28.439999999999998,77.03
28.439999999999998,77.03999999999999
28.439999999999998,77.05
28.439999999999998,77.06
28.439999999999998,77.07
28.439999999999998,77.08
28.439999999999998,77.09
28.439999999999998,77.1
28.439999999999998,77.11
28.439999999999998,77.12
28.439999999999998,77.13
28.439999999999998,77.14
28.439999999999998,77.15
28.439999999999998,77.16
28.439999999999998,77.17
28.439999999999998,77.18
28.439999999999998,77.19
28.439999999999998,77.2
28.439999999999998,77.21000000000001
28.439999999999998,77.22
28.439999999999998,77.23
28.439999999999998,77.24000000000001
28.439999999999998,77.25
28.439999999999998,77.26
28.439999999999998,77.27
28.439999999999998,77.28
28.439999999999998,77.29
28.439999999999998,77.3
28.439999999999998,77.31
28.439999999999998,77.32000000000001
28.439999999999998,77.33
28.439999999999998,77.34
28.439999999999998,77.35000000000001
28.439999999999998,77.36
28.439999999999998,77.37
28.439999999999998,77.38000000000001
28.439999999999998,77.39
28.439999999999998,77.4
28.45,76.85
28.45,76.86
28.45,76.86999999999999
28.45,76.88
28.45,76.89
28.45,76.89999999999999
28.45,76.91
28.45,76.92
28.45,76.92999999999999
28.45,76.94
28.45,76.95
28.45,76.96
28.45,76.97
28.45,76.98
28.45,76.99
28.45,77.0
28.45,77.00999999999999
28.45,77.02
28.45,77.03
28.45,77.03999999999999
28.45,77.05
28.45,77.06
28.45,77.07
28.45,77.08
28.45,77.09
28.45,77.1
28.45,77.11
28.45,77.12
28.45,77.13
28.45,77.14
28.45,77.15
28.45,77.16
28.45,77.17
28.45,77.18
28.45,77.19
28.45,77.2
28.45,77.21000000000001
28.45,77.22
28.45,77.23
28.45,77.24000000000001
28.45,77.25
28.45,77.26
28.45,77.27
28.45,77.28
28.45,77.29
28.45,77.3
28.45,77.31
28.45,77.32000000000001
28.45,77.33
28.45,77.34
28.45,77.35000000000001
28.45,77.36
28.45,77.37
28.45,77.38000000000001
28.45,77.39
28.45,77.4
28.459999999999997,76.85
28.459999999999997,76.86
28.459999999999997,76.86999999999999
28.459999999999997,76.88
28.459999999999997,76.89
28.459999999999997,76.89999999999999
28.459999999999997,76.91
28.459999999999997,76.92
28.459999999999997,76.92999999999999
28.459999999999997,76.94
28.459999999999997,76.95
28.459999999999997,76.96
28.459999999999997,76.97
28.459999999999997,76.98
28.459999999999997,76.99
28.459999999999997,77.0
28.459999999999997,77.00999999999999
28.459999999999997,77.02
28.459999999999997,77.03
28.459999999999997,77.03999999999999
28.459999999999997,77.05
28.459999999999997,77.06
28.459999999999997,77.07
28.459999999999997,77.08
28.459999999999997,77.09
28.459999999999997,77.1
28.459999999999997,77.11
28.459999999999997,77.12
28.459999999999997,77.13
28.459999999999997,77.14
28.459999999999997,77.15
28.459999999999997,77.16
28.459999999999997,77.17
28.459999999999997,77.18
28.459999999999997,77.19
28.459999999999997,77.2
28.459999999999997,77.21000000000001
28.459999999999997,77.22
28.459999999999997,77.23
28.459999999999997,77.24000000000001
28.459999999999997,77.25
28.459999999999997,77.26
28.459999999999997,77.27
28.459999999999997,77.28
28.459999999999997,77.29
28.459999999999997,77.3
28.459999999999997,77.31
28.459999999999997,77.32000000000001
28.459999999999997,77.33
28.459999999999997,77.34
28.459999999999997,77.35000000000001
28.459999999999997,77.36
28.459999999999997,77.37
28.459999999999997,77.38000000000001
28.459999999999997,77.39
28.459999999999997,77.4
28.47,76.85
28.47,76.86
28.47,76.86999999999999
28.47,76.88
28.47,76.89
28.47,76.89999999999999
28.47,76.91
28.47,76.92
28.47,76.92999999999999
28.47,76.94
28.47,76.95
28.47,76.96
28.47,76.97
28.47,76.98
28.47,76.99
28.47,77.0
28.47,77.00999999999999
28.47,77.02
28.47,77.03
28.47,77.03999999999999
28.47,77.05
28.47,77.06
28.47,77.07
28.47,77.08
28.47,77.09
28.47,77.1
28.47,77.11
28.47,77.12
28.47,77.13
28.47,77.14
28.47,77.15
28.47,77.16
28.47,77.17
28.47,77.18
28.47,77.19
28.47,77.2
28.47,77.21000000000001
28.47,77.22
28.47,77.23
28.47,77.24000000000001
28.47,77.25
28.47,77.26
28.47,77.27
28.47,77.28
28.47,77.29
28.47,77.3
28.47,77.31
28.47,77.32000000000001
28.47,77.33
28.47,77.34
28.47,77.35000000000001
28.47,77.36
28.47,77.37
28.47,77.38000000000001
28.47,77.39
28.47,77.4
28.479999999999997,76.85
28.479999999999997,76.86
28.479999999999997,76.86999999999999
28.479999999999997,76.88
28.479999999999997,76.89
28.479999999999997,76.89999999999999
28.479999999999997,76.91
28.479999999999997,76.92
28.479999999999997,76.92999999999999
28.479999999999997,76.94
28.479999999999997,76.95
28.479999999999997,76.96
28.479999999999997,76.97
28.479999999999997,76.98
28.479999999999997,76.99
28.479999999999997,77.0
28.479999999999997,77.00999999999999
28.479999999999997,77.02
28.479999999999997,77.03
28.479999999999997,77.03999999999999
28.479999999999997,77.05
28.479999999999997,77.06
28.479999999999997,77.07
28.479999999999997,77.08
28.479999999999997,77.09
28.479999999999997,77.1
28.479999999999997,77.11
28.479999999999997,77.12
28.479999999999997,77.13
28.479999999999997,77.14
28.479999999999997,77.15
28.479999999999997,77.16
28.479999999999997,77.17
28.479999999999997,77.18
28.479999999999997,77.19
28.479999999999997,77.2
28.479999999999997,77.21000000000001
28.479999999999997,77.22
28.479999999999997,77.23
28.479999999999997,77.24000000000001
28.479999999999997,77.25
28.479999999999997,77.26
28.479999999999997,77.27
28.479999999999997,77.28
28.479999999999997,77.29
28.479999999999997,77.3
28.479999999999997,77.31
28.479999999999997,77.32000000000001
28.479999999999997,77.33
28.479999999999997,77.34
28.479999999999997,77.35000000000001
28.479999999999997,77.36
28.479999999999997,77.37
28.479999999999997,77.38000000000001
28.479999999999997,77.39
28.479999999999997,77.4
28.49,76.85
28.49,76.86
28.49,76.86999999999999
28.49,76.88
28.49,76.89
28.49,76.89999999999999
28.49,76.91
28.49,76.92
28.49,76.92999999999999
28.49,76.94
28.49,76.95
28.49,76.96
28.49,76.97
28.49,76.98
28.49,76.99
28.49,77.0
28.49,77.00999999999999
28.49,77.02
28.49,77.03
28.49,77.03999999999999
28.49,77.05
28.49,77.06
28.49,77.07
28.49,77.08
28.49,77.09
28.49,77.1
28.49,77.11
28.49,77.12
28.49,77.13
28.49,77.14
28.49,77.15
28.49,77.16
28.49,77.17
28.49,77.18
28.49,77.19
28.49,77.2
28.49,77.21000000000001
28.49,77.22
28.49,77.23
28.49,77.24000000000001
28.49,77.25
28.49,77.26
28.49,77.27
28.49,77.28
28.49,77.29
28.49,77.3
28.49,77.31
28.49,77.32000000000001
28.49,77.33
28.49,77.34
28.49,77.35000000000001
28.49,77.36
28.49,77.37
28.49,77.38000000000001
28.49,77.39
28.49,77.4
28.5,76.85
28.5,76.86
28.5,76.86999999999999
28.5,76.88
28.5,76.89
28.5,76.89999999999999
28.5,76.91
28.5,76.92
28.5,76.92999999999999
28.5,76.94
28.5,76.95
28.5,76.96
28.5,76.97
28.5,76.98
28.5,76.99
28.5,77.0
28.5,77.00999999999999
28.5,77.02
28.5,77.03
28.5,77.03999999999999
28.5,77.05
28.5,77.06
28.5,77.07
28.5,77.08
28.5,77.09
28.5,77.1
28.5,77.11
28.5,77.12
28.5,77.13
28.5,77.14
28.5,77.15
28.5,77.16
28.5,77.17
28.5,77.18
28.5,77.19
28.5,77.2
28.5,77.21000000000001
28.5,77.22
28.5,77.23
28.5,77.24000000000001
28.5,77.25
28.5,77.26
28.5,77.27
28.5,77.28
28.5,77.29
28.5,77.3
28.5,77.31
28.5,77.32000000000001
28.5,77.33
28.5,77.34
28.5,77.35000000000001
28.5,77.36
28.5,77.37
28.5,77.38000000000001
28.5,77.39
28.5,77.4
28.509999999999998,76.85
28.509999999999998,76.86
28.509999999999998,76.86999999999999
28.509999999999998,76.88
28.509999999999998,76.89
28.509999999999998,76.89999999999999
28.509999999999998,76.91
28.509999999999998,76.92
28.509999999999998,76.92999999999999
28.509999999999998,76.94
28.509999999999998,76.95
28.509999999999998,76.96
28.509999999999998,76.97
28.509999999999998,76.98
28.509999999999998,76.99
28.509999999999998,77.0
28.509999999999998,77.00999999999999
28.509999999999998,77.02
28.509999999999998,77.03
28.509999999999998,77.03999999999999
28.509999999999998,77.05
28.509999999999998,77.06
28.509999999999998,77.07
28.509999999999998,77.08
28.509999999999998,77.09
28.509999999999998,77.1
28.509999999999998,77.11
28.509999999999998,77.12
28.509999999999998,77.13
28.509999999999998,77.14
28.509999999999998,77.15
28.509999999999998,77.16
28.509999999999998,77.17
28.509999999999998,77.18
28.509999999999998,77.19
28.509999999999998,77.2
28.509999999999998,77.21000000000001
28.509999999999998,77.22
28.509999999999998,77.23
28.509999999999998,77.24000000000001
28.509999999999998,77.25
28.509999999999998,77.26
28.509999999999998,77.27
28.509999999999998,77.28
28.509999999999998,77.29
28.509999999999998,77.3
28.509999999999998,77.31
28.509999999999998,77.32000000000001
28.509999999999998,77.33
28.509999999999998,77.34
28.509999999999998,77.35000000000001
28.509999999999998,77.36
28.509999999999998,77.37
28.509999999999998,77.38000000000001
28.509999999999998,77.39
28.509999999999998,77.4
28.52,76.85
28.52,76.86
28.52,76.86999999999999
28.52,76.88
28.52,76.89
28.52,76.89999999999999
28.52,76.91
28.52,76.92
28.52,76.92999999999999
28.52,76.94
28.52,76.95
28.52,76.96
28.52,76.97
28.52,76.98
28.52,76.99
28.52,77.0
28.52,77.00999999999999
28.52,77.02
28.52,77.03
28.52,77.03999999999999
28.52,77.05
28.52,77.06
28.52,77.07
28.52,77.08
28.52,77.09
28.52,77.1
28.52,77.11
28.52,77.12
28.52,77.13
28.52,77.14
28.52,77.15
28.52,77.16
28.52,77.17
28.52,77.18
28.52,77.19
28.52,77.2
28.52,77.21000000000001
28.52,77.22
28.52,77.23
28.52,77.24000000000001
28.52,77.25
28.52,77.26
28.52,77.27
28.52,77.28
28.52,77.29
28.52,77.3
28.52,77.31
28.52,77.32000000000001
28.52,77.33
28.52,77.34
28.52,77.35000000000001
28.52,77.36
28.52,77.37
28.52,77.38000000000001
28.52,77.39
28.52,77.4
28.529999999999998,76.85
28.529999999999998,76.86
28.529999999999998,76.86999999999999
28.529999999999998,76.88
28.529999999999998,76.89
28.529999999999998,76.89999999999999
28.529999999999998,76.91
28.529999999999998,76.92
28.529999999999998,76.92999999999999
28.529999999999998,76.94
28.529999999999998,76.95
28.529999999999998,76.96
28.529999999999998,76.97
28.529999999999998,76.98
28.529999999999998,76.99
28.529999999999998,77.0
28.529999999999998,77.00999999999999
28.529999999999998,77.02
28.529999999999998,77.03
28.529999999999998,77.03999999999999
28.529999999999998,77.05
28.529999999999998,77.06
28.529999999999998,77.07
28.529999999999998,77.08
28.529999999999998,77.09
28.529999999999998,77.1
28.529999999999998,77.11
28.529999999999998,77.12
28.529999999999998,77.13
28.529999999999998,77.14
28.529999999999998,77.15
28.529999999999998,77.16
28.529999999999998,77.17
28.529999999999998,77.18
28.529999999999998,77.19
28.529999999999998,77.2
28.529999999999998,77.21000000000001
28.529999999999998,77.22
28.529999999999998,77.23
28.529999999999998,77.24000000000001
28.529999999999998,77.25
28.529999999999998,77.26
28.529999999999998,77.27
28.529999999999998,77.28
28.529999999999998,77.29
28.529999999999998,77.3
28.529999999999998,77.31
28.529999999999998,77.32000000000001
28.529999999999998,77.33
28.529999999999998,77.34
28.529999999999998,77.35000000000001
28.529999999999998,77.36
28.529999999999998,77.37
28.529999999999998,77.38000000000001
28.529999999999998,77.39
28.529999999999998,77.4
28.54,76.85
28.54,76.86
28.54,76.86999999999999
28.54,76.88
28.54,76.89
28.54,76.89999999999999
28.54,76.91
28.54,76.92
28.54,76.92999999999999
28.54,76.94
28.54,76.95
28.54,76.96
28.54,76.97
28.54,76.98
28.54,76.99
28.54,77.0
28.54,77.00999999999999
28.54,77.02
28.54,77.03
28.54,77.03999999999999
28.54,77.05
28.54,77.06
28.54,77.07
28.54,77.08
28.54,77.09
28.54,77.1
28.54,77.11
28.54,77.12
28.54,77.13
28.54,77.14
28.54,77.15
28.54,77.16
28.54,77.17
28.54,77.18
28.54,77.19
28.54,77.2
28.54,77.21000000000001
28.54,77.22
28.54,77.23
28.54,77.24000000000001
28.54,77.25
28.54,77.26
28.54,77.27
28.54,77.28
28.54,77.29
28.54,77.3
28.54,77.31
28.54,77.32000000000001
28.54,77.33
28.54,77.34
28.54,77.35000000000001
28.54,77.36
28.54,77.37
28.54,77.38000000000001
28.54,77.39
28.54,77.4
28.549999999999997,76.85
28.549999999999997,76.86
28.549999999999997,76.86999999999999
28.549999999999997,76.88
28.549999999999997,76.89
28.549999999999997,76.89999999999999
28.549999999999997,76.91
28.549999999999997,76.92
28.549999999999997,76.92999999999999
28.549999999999997,76.94
28.549999999999997,76.95
28.549999999999997,76.96
28.549999999999997,76.97
28.549999999999997,76.98
28.549999999999997,76.99
28.549999999999997,77.0
28.549999999999997,77.00999999999999
28.549999999999997,77.02
28.549999999999997,77.03
28.549999999999997,77.03999999999999
28.549999999999997,77.05
28.549999999999997,77.06
28.549999999999997,77.07
28.549999999999997,77.08
28.549999999999997,77.09
28.549999999999997,77.1
28.549999999999997,77.11
28.549999999999997,77.12
28.549999999999997,77.13
28.549999999999997,77.14
28.549999999999997,77.15
28.549999999999997,77.16
28.549999999999997,77.17
28.549999999999997,77.18
28.549999999999997,77.19
28.549999999999997,77.2
28.549999999999997,77.21000000000001
28.549999999999997,77.22
28.549999999999997,77.23
28.549999999999997,77.24000000000001
28.549999999999997,77.25
28.549999999999997,77.26
28.549999999999997,77.27
28.549999999999997,77.28
28.549999999999997,77.29
28.549999999999997,77.3
28.549999999999997,77.31
28.549999999999997,77.32000000000001
28.549999999999997,77.33
28.549999999999997,77.34
28.549999999999997,77.35000000000001
28.549999999999997,77.36
28.549999999999997,77.37
28.549999999999997,77.38000000000001
28.549999999999997,77.39
28.549999999999997,77.4
28.56,76.85
28.56,76.86
28.56,76.86999999999999
28.56,76.88
28.56,76.89
28.56,76.89999999999999
28.56,76.91
28.56,76.92
28.56,76.92999999999999
28.56,76.94
28.56,76.95
28.56,76.96
28.56,76.97
28.56,76.98
28.56,76.99
28.56,77.0
28.56,77.00999999999999
28.56,77.02
28.56,77.03
28.56,77.03999999999999
28.56,77.05
28.56,77.06
28.56,77.07
28.56,77.08
28.56,77.09
28.56,77.1
28.56,77.11
28.56,77.12
28.56,77.13
28.56,77.14
28.56,77.15
28.56,77.16
28.56,77.17
28.56,77.18
28.56,77.19
28.56,77.2
28.56,77.21000000000001
28.56,77.22
28.56,77.23
28.56,77.24000000000001
28.56,77.25
28.56,77.26
28.56,77.27
28.56,77.28
28.56,77.29
28.56,77.3
28.56,77.31
28.56,77.32000000000001
28.56,77.33
28.56,77.34
28.56,77.35000000000001
28.56,77.36
28.56,77.37
28.56,77.38000000000001
28.56,77.39
28.56,77.4
28.57,76.85
28.57,76.86
28.57,76.86999999999999
28.57,76.88
28.57,76.89
28.57,76.89999999999999
28.57,76.91
28.57,76.92
28.57,76.92999999999999
28.57,76.94
28.57,76.95
28.57,76.96
28.57,76.97
28.57,76.98
28.57,76.99
28.57,77.0
28.57,77.00999999999999
28.57,77.02
28.57,77.03
28.57,77.03999999999999
28.57,77.05
28.57,77.06
28.57,77.07
28.57,77.08
28.57,77.09
28.57,77.1
28.57,77.11
28.57,77.12
28.57,77.13
28.57,77.14
28.57,77.15
28.57,77.16
28.57,77.17
28.57,77.18
28.57,77.19
28.57,77.2
28.57,77.21000000000001
28.57,77.22
28.57,77.23
28.57,77.24000000000001
28.57,77.25
28.57,77.26
28.57,77.27
28.57,77.28
28.57,77.29
28.57,77.3
28.57,77.31
28.57,77.32000000000001
28.57,77.33
28.57,77.34
28.57,77.35000000000001
28.57,77.36
28.57,77.37
28.57,77.38000000000001
28.57,77.39
28.57,77.4
28.58,76.85
28.58,76.86
28.58,76.86999999999999
28.58,76.88
28.58,76.89
28.58,76.89999999999999
28.58,76.91
28.58,76.92
28.58,76.92999999999999
28.58,76.94
28.58,76.95
28.58,76.96
28.58,76.97
28.58,76.98
28.58,76.99
28.58,77.0
28.58,77.00999999999999
28.58,77.02
28.58,77.03
28.58,77.03999999999999
28.58,77.05
28.58,77.06
28.58,77.07
28.58,77.08
28.58,77.09
28.58,77.1
28.58,77.11
28.58,77.12
28.58,77.13
28.58,77.14
28.58,77.15
28.58,77.16
28.58,77.17
28.58,77.18
28.58,77.19
28.58,77.2
28.58,77.21000000000001
28.58,77.22
28.58,77.23
28.58,77.24000000000001
28.58,77.25
28.58,77.26
28.58,77.27
28.58,77.28
28.58,77.29
28.58,77.3
28.58,77.31
28.58,77.32000000000001
28.58,77.33
28.58,77.34
28.58,77.35000000000001
28.58,77.36
28.58,77.37
28.58,77.38000000000001
28.58,77.39
28.58,77.4
28.59,76.85
28.59,76.86
28.59,76.86999999999999
28.59,76.88
28.59,76.89
28.59,76.89999999999999
28.59,76.91
28.59,76.92
28.59,76.92999999999999
28.59,76.94
28.59,76.95
28.59,76.96
28.59,76.97
28.59,76.98
28.59,76.99
28.59,77.0
28.59,77.00999999999999
28.59,77.02
28.59,77.03
28.59,77.03999999999999
28.59,77.05
28.59,77.06
28.59,77.07
28.59,77.08
28.59,77.09
28.59,77.1
28.59,77.11
28.59,77.12
28.59,77.13
28.59,77.14
28.59,77.15
28.59,77.16
28.59,77.17
28.59,77.18
28.59,77.19
28.59,77.2
28.59,77.21000000000001
28.59,77.22
28.59,77.23
28.59,77.24000000000001
28.59,77.25
28.59,77.26
28.59,77.27
28.59,77.28
28.59,77.29
28.59,77.3
28.59,77.31
28.59,77.32000000000001
28.59,77.33
28.59,77.34
28.59,77.35000000000001
28.59,77.36
28.59,77.37
28.59,77.38000000000001
28.59,77.39
28.59,77.4
28.599999999999998,76.85
28.599999999999998,76.86
28.599999999999998,76.86999999999999
28.599999999999998,76.88
28.599999999999998,76.89
28.599999999999998,76.89999999999999
28.599999999999998,76.91
28.599999999999998,76.92
28.599999999999998,76.92999999999999
28.599999999999998,76.94
28.599999999999998,76.95
28.599999999999998,76.96
28.599999999999998,76.97
28.599999999999998,76.98
28.599999999999998,76.99
28.599999999999998,77.0
28.599999999999998,77.00999999999999
28.599999999999998,77.02
28.599999999999998,77.03
28.599999999999998,77.03999999999999
28.599999999999998,77.05
28.599999999999998,77.06
28.599999999999998,77.07
28.599999999999998,77.08
28.599999999999998,77.09
28.599999999999998,77.1
28.599999999999998,77.11
28.599999999999998,77.12
28.599999999999998,77.13
28.599999999999998,77.14
28.599999999999998,77.15
28.599999999999998,77.16
28.599999999999998,77.17
28.599999999999998,77.18
28.599999999999998,77.19
28.599999999999998,77.2
28.599999999999998,77.21000000000001
28.599999999999998,77.22
28.599999999999998,77.23
28.599999999999998,77.24000000000001
28.599999999999998,77.25
28.599999999999998,77.26
28.599999999999998,77.27
28.599999999999998,77.28
28.599999999999998,77.29
28.599999999999998,77.3
28.599999999999998,77.31
28.599999999999998,77.32000000000001
28.599999999999998,77.33
28.599999999999998,77.34
28.599999999999998,77.35000000000001
28.599999999999998,77.36
28.599999999999998,77.37
28.599999999999998,77.38000000000001
28.599999999999998,77.39
28.599999999999998,77.4
28.61,76.85
28.61,76.86
28.61,76.86999999999999
28.61,76.88
28.61,76.89
28.61,76.89999999999999
28.61,76.91
28.61,76.92
28.61,76.92999999999999
28.61,76.94
28.61,76.95
28.61,76.96
28.61,76.97
28.61,76.98
28.61,76.99
28.61,77.0
28.61,77.00999999999999
28.61,77.02
28.61,77.03
28.61,77.03999999999999
28.61,77.05
28.61,77.06
28.61,77.07
28.61,77.08
28.61,77.09
28.61,77.1
28.61,77.11
28.61,77.12
28.61,77.13
28.61,77.14
28.61,77.15
28.61,77.16
28.61,77.17
28.61,77.18
28.61,77.19
28.61,77.2
28.61,77.21000000000001
28.61,77.22
28.61,77.23
28.61,77.24000000000001
28.61,77.25
28.61,77.26
28.61,77.27
28.61,77.28
28.61,77.29
28.61,77.3
28.61,77.31
28.61,77.32000000000001
28.61,77.33
28.61,77.34
28.61,77.35000000000001
28.61,77.36
28.61,77.37
28.61,77.38000000000001
28.61,77.39
28.61,77.4
28.619999999999997,76.85
28.619999999999997,76.86
28.619999999999997,76.86999999999999
28.619999999999997,76.88
28.619999999999997,76.89
28.619999999999997,76.89999999999999
28.619999999999997,76.91
28.619999999999997,76.92
28.619999999999997,76.92999999999999
28.619999999999997,76.94
28.619999999999997,76.95
28.619999999999997,76.96
28.619999999999997,76.97
28.619999999999997,76.98
28.619999999999997,76.99
28.619999999999997,77.0
28.619999999999997,77.00999999999999
28.619999999999997,77.02
28.619999999999997,77.03
28.619999999999997,77.03999999999999
28.619999999999997,77.05
28.619999999999997,77.06
28.619999999999997,77.07
28.619999999999997,77.08
28.619999999999997,77.09
28.619999999999997,77.1
28.619999999999997,77.11
28.619999999999997,77.12
28.619999999999997,77.13
28.619999999999997,77.14
28.619999999999997,77.15
28.619999999999997,77.16
28.619999999999997,77.17
28.619999999999997,77.18
28.619999999999997,77.19
28.619999999999997,77.2
28.619999999999997,77.21000000000001
28.619999999999997,77.22
28.619999999999997,77.23
28.619999999999997,77.24000000000001
28.619999999999997,77.25
28.619999999999997,77.26
28.619999999999997,77.27
28.619999999999997,77.28
28.619999999999997,77.29
28.619999999999997,77.3
28.619999999999997,77.31
28.619999999999997,77.32000000000001
28.619999999999997,77.33
28.619999999999997,77.34
28.619999999999997,77.35000000000001
28.619999999999997,77.36
28.619999999999997,77.37
28.619999999999997,77.38000000000001
28.619999999999997,77.39
28.619999999999997,77.4
28.63,76.85
28.63,76.86
28.63,76.86999999999999
28.63,76.88
28.63,76.89
28.63,76.89999999999999
28.63,76.91
28.63,76.92
28.63,76.92999999999999
28.63,76.94
28.63,76.95
28.63,76.96
28.63,76.97
28.63,76.98
28.63,76.99
28.63,77.0
28.63,77.00999999999999
28.63,77.02
28.63,77.03
28.63,77.03999999999999
28.63,77.05
28.63,77.06
28.63,77.07
28.63,77.08
28.63,77.09
28.63,77.1
28.63,77.11
28.63,77.12
28.63,77.13
28.63,77.14
28.63,77.15
28.63,77.16
28.63,77.17
28.63,77.18
28.63,77.19
28.63,77.2
28.63,77.21000000000001
28.63,77.22
28.63,77.23
28.63,77.24000000000001
28.63,77.25
28.63,77.26
28.63,77.27
28.63,77.28
28.63,77.29
28.63,77.3
28.63,77.31
28.63,77.32000000000001
28.63,77.33
28.63,77.34
28.63,77.35000000000001
28.63,77.36
28.63,77.37
28.63,77.38000000000001
28.63,77.39
28.63,77.4
28.639999999999997,76.85
28.639999999999997,76.86
28.639999999999997,76.86999999999999
28.639999999999997,76.88
28.639999999999997,76.89
28.639999999999997,76.89999999999999
28.639999999999997,76.91
28.639999999999997,76.92
28.639999999999997,76.92999999999999
28.639999999999997,76.94
28.639999999999997,76.95
28.639999999999997,76.96
28.639999999999997,76.97
28.639999999999997,76.98
28.639999999999997,76.99
28.639999999999997,77.0
28.639999999999997,77.00999999999999
28.639999999999997,77.02
28.639999999999997,77.03
28.639999999999997,77.03999999999999
28.639999999999997,77.05
28.639999999999997,77.06
28.639999999999997,77.07
28.639999999999997,77.08
28.639999999999997,77.09
28.639999999999997,77.1
28.639999999999997,77.11
28.639999999999997,77.12
28.639999999999997,77.13
28.639999999999997,77.14
28.639999999999997,77.15
28.639999999999997,77.16
28.639999999999997,77.17
28.639999999999997,77.18
28.639999999999997,77.19
28.639999999999997,77.2
28.639999999999997,77.21000000000001
28.639999999999997,77.22
28.639999999999997,77.23
28.639999999999997,77.24000000000001
28.639999999999997,77.25
28.639999999999997,77.26
28.639999999999997,77.27
28.639999999999997,77.28
28.639999999999997,77.29
28.639999999999997,77.3
28.639999999999997,77.31
28.639999999999997,77.32000000000001
28.639999999999997,77.33
28.639999999999997,77.34
28.639999999999997,77.35000000000001
28.639999999999997,77.36
28.639999999999997,77.37
28.639999999999997,77.38000000000001
28.639999999999997,77.39
28.639999999999997,77.4
28.65,76.85
28.65,76.86
28.65,76.86999999999999
28.65,76.88
28.65,76.89
28.65,76.89999999999999
28.65,76.91
28.65,76.92
28.65,76.92999999999999
28.65,76.94
28.65,76.95
28.65,76.96
28.65,76.97
28.65,76.98
28.65,76.99
28.65,77.0
28.65,77.00999999999999
28.65,77.02
28.65,77.03
28.65,77.03999999999999
28.65,77.05
28.65,77.06
28.65,77.07
28.65,77.08
28.65,77.09
28.65,77.1
28.65,77.11
28.65,77.12
28.65,77.13
28.65,77.14
28.65,77.15
28.65,77.16
28.65,77.17
28.65,77.18
28.65,77.19
28.65,77.2
28.65,77.21000000000001
28.65,77.22
28.65,77.23
28.65,77.24000000000001
28.65,77.25
28.65,77.26
28.65,77.27
28.65,77.28
28.65,77.29
28.65,77.3
28.65,77.31
28.65,77.32000000000001
28.65,77.33
28.65,77.34
28.65,77.35000000000001
28.65,77.36
28.65,77.37
28.65,77.38000000000001
28.65,77.39
28.65,77.4
28.66,76.85
28.66,76.86
28.66,76.86999999999999
28.66,76.88
28.66,76.89
28.66,76.89999999999999
28.66,76.91
28.66,76.92
28.66,76.92999999999999
28.66,76.94
28.66,76.95
28.66,76.96
28.66,76.97
28.66,76.98
28.66,76.99
28.66,77.0
28.66,77.00999999999999
28.66,77.02
28.66,77.03
28.66,77.03999999999999
28.66,77.05
28.66,77.06
28.66,77.07
28.66,77.08
28.66,77.09
28.66,77.1
28.66,77.11
28.66,77.12
28.66,77.13
28.66,77.14
28.66,77.15
28.66,77.16
28.66,77.17
28.66,77.18
28.66,77.19
28.66,77.2
28.66,77.21000000000001
28.66,77.22
28.66,77.23
28.66,77.24000000000001
28.66,77.25
28.66,77.26
28.66,77.27
28.66,77.28
28.66,77.29
28.66,77.3
28.66,77.31
28.66,77.32000000000001
28.66,77.33
28.66,77.34
28.66,77.35000000000001
28.66,77.36
28.66,77.37
28.66,77.38000000000001
28.66,77.39
28.66,77.4
28.669999999999998,76.85
28.669999999999998,76.86
28.669999999999998,76.86999999999999
28.669999999999998,76.88
28.669999999999998,76.89
28.669999999999998,76.89999999999999
28.669999999999998,76.91
28.669999999999998,76.92
28.669999999999998,76.92999999999999
28.669999999999998,76.94
28.669999999999998,76.95
28.669999999999998,76.96
28.669999999999998,76.97
28.669999999999998,76.98
28.669999999999998,76.99
28.669999999999998,77.0
28.669999999999998,77.00999999999999
28.669999999999998,77.02
28.669999999999998,77.03
28.669999999999998,77.03999999999999
28.669999999999998,77.05
28.669999999999998,77.06
28.669999999999998,77.07
28.669999999999998,77.08
28.669999999999998,77.09
28.669999999999998,77.1
28.669999999999998,77.11
28.669999999999998,77.12
28.669999999999998,77.13
28.669999999999998,77.14
28.669999999999998,77.15
28.669999999999998,77.16
28.669999999999998,77.17
28.669999999999998,77.18
28.669999999999998,77.19
28.669999999999998,77.2
28.669999999999998,77.21000000000001
28.669999999999998,77.22
28.669999999999998,77.23
28.669999999999998,77.24000000000001
28.669999999999998,77.25
28.669999999999998,77.26
28.669999999999998,77.27
28.669999999999998,77.28
28.669999999999998,77.29
28.669999999999998,77.3
28.669999999999998,77.31
28.669999999999998,77.32000000000001
28.669999999999998,77.33
28.669999999999998,77.34
28.669999999999998,77.35000000000001
28.669999999999998,77.36
28.669999999999998,77.37
28.669999999999998,77.38000000000001
28.669999999999998,77.39
28.669999999999998,77.4
28.68,76.85
28.68,76.86
28.68,76.86999999999999
28.68,76.88
28.68,76.89
28.68,76.89999999999999
28.68,76.91
28.68,76.92
28.68,76.92999999999999
28.68,76.94
28.68,76.95
28.68,76.96
28.68,76.97
28.68,76.98
28.68,76.99
28.68,77.0
28.68,77.00999999999999
28.68,77.02
28.68,77.03
28.68,77.03999999999999
28.68,77.05
28.68,77.06
28.68,77.07
28.68,77.08
28.68,77.09
28.68,77.1
28.68,77.11
28.68,77.12
28.68,77.13
28.68,77.14
28.68,77.15
28.68,77.16
28.68,77.17
28.68,77.18
28.68,77.19
28.68,77.2
28.68,77.21000000000001
28.68,77.22
28.68,77.23
28.68,77.24000000000001
28.68,77.25
28.68,77.26
28.68,77.27
28.68,77.28
28.68,77.29
28.68,77.3
28.68,77.31
28.68,77.32000000000001
28.68,77.33
28.68,77.34
28.68,77.35000000000001
28.68,77.36
28.68,77.37
28.68,77.38000000000001
28.68,77.39
28.68,77.4
28.689999999999998,76.85
28.689999999999998,76.86
28.689999999999998,76.86999999999999
28.689999999999998,76.88
28.689999999999998,76.89
28.689999999999998,76.89999999999999
28.689999999999998,76.91
28.689999999999998,76.92
28.689999999999998,76.92999999999999
28.689999999999998,76.94
28.689999999999998,76.95
28.689999999999998,76.96
28.689999999999998,76.97
28.689999999999998,76.98
28.689999999999998,76.99
28.689999999999998,77.0
28.689999999999998,77.00999999999999
28.689999999999998,77.02
28.689999999999998,77.03
28.689999999999998,77.03999999999999
28.689999999999998,77.05
28.689999999999998,77.06
28.689999999999998,77.07
28.689999999999998,77.08
28.689999999999998,77.09
28.689999999999998,77.1
28.689999999999998,77.11
28.689999999999998,77.12
28.689999999999998,77.13
28.689999999999998,77.14
28.689999999999998,77.15
28.689999999999998,77.16
28.689999999999998,77.17
28.689999999999998,77.18
28.689999999999998,77.19
28.689999999999998,77.2
28.689999999999998,77.21000000000001
28.689999999999998,77.22
28.689999999999998,77.23
28.689999999999998,77.24000000000001
28.689999999999998,77.25
28.689999999999998,77.26
28.689999999999998,77.27
28.689999999999998,77.28
28.689999999999998,77.29
28.689999999999998,77.3
28.689999999999998,77.31
28.689999999999998,77.32000000000001
28.689999999999998,77.33
28.689999999999998,77.34
28.689999999999998,77.35000000000001
28.689999999999998,77.36
28.689999999999998,77.37
28.689999999999998,77.38000000000001
28.689999999999998,77.39
28.689999999999998,77.4
28.7,76.85
28.7,76.86
28.7,76.86999999999999
28.7,76.88
28.7,76.89
28.7,76.89999999999999
28.7,76.91
28.7,76.92
28.7,76.92999999999999
28.7,76.94
28.7,76.95
28.7,76.96
28.7,76.97
28.7,76.98
28.7,76.99
28.7,77.0
28.7,77.00999999999999
28.7,77.02
28.7,77.03
28.7,77.03999999999999
28.7,77.05
28.7,77.06
28.7,77.07
28.7,77.08
28.7,77.09
28.7,77.1
28.7,77.11
28.7,77.12
28.7,77.13
28.7,77.14
28.7,77.15
28.7,77.16
28.7,77.17
28.7,77.18
28.7,77.19
28.7,77.2
28.7,77.21000000000001
28.7,77.22
28.7,77.23
28.7,77.24000000000001
28.7,77.25
28.7,77.26
28.7,77.27
28.7,77.28
28.7,77.29
28.7,77.3
28.7,77.31
28.7,77.32000000000001
28.7,77.33
28.7,77.34
28.7,77.35000000000001
28.7,77.36
28.7,77.37
28.7,77.38000000000001
28.7,77.39
28.7,77.4
28.709999999999997,76.85
28.709999999999997,76.86
28.709999999999997,76.86999999999999
28.709999999999997,76.88
28.709999999999997,76.89
28.709999999999997,76.89999999999999
28.709999999999997,76.91
28.709999999999997,76.92
28.709999999999997,76.92999999999999
28.709999999999997,76.94
28.709999999999997,76.95
28.709999999999997,76.96
28.709999999999997,76.97
28.709999999999997,76.98
28.709999999999997,76.99
28.709999999999997,77.0
28.709999999999997,77.00999999999999
28.709999999999997,77.02
28.709999999999997,77.03
28.709999999999997,77.03999999999999
28.709999999999997,77.05
28.709999999999997,77.06
28.709999999999997,77.07
28.709999999999997,77.08
28.709999999999997,77.09
28.709999999999997,77.1
28.709999999999997,77.11
28.709999999999997,77.12
28.709999999999997,77.13
28.709999999999997,77.14
28.709999999999997,77.15
28.709999999999997,77.16
28.709999999999997,77.17
28.709999999999997,77.18
28.709999999999997,77.19
28.709999999999997,77.2
28.709999999999997,77.21000000000001
28.709999999999997,77.22
28.709999999999997,77.23
28.709999999999997,77.24000000000001
28.709999999999997,77.25
28.709999999999997,77.26
28.709999999999997,77.27
28.709999999999997,77.28
28.709999999999997,77.29
28.709999999999997,77.3
28.709999999999997,77.31
28.709999999999997,77.32000000000001
28.709999999999997,77.33
28.709999999999997,77.34
28.709999999999997,77.35000000000001
28.709999999999997,77.36
28.709999999999997,77.37
28.709999999999997,77.38000000000001
28.709999999999997,77.39
28.709999999999997,77.4
28.72,76.85
28.72,76.86
28.72,76.86999999999999
28.72,76.88
28.72,76.89
28.72,76.89999999999999
28.72,76.91
28.72,76.92
28.72,76.92999999999999
28.72,76.94
28.72,76.95
28.72,76.96
28.72,76.97
28.72,76.98
28.72,76.99
28.72,77.0
28.72,77.00999999999999
28.72,77.02
28.72,77.03
28.72,77.03999999999999
28.72,77.05
28.72,77.06
28.72,77.07
28.72,77.08
28.72,77.09
28.72,77.1
28.72,77.11
28.72,77.12
28.72,77.13
28.72,77.14
28.72,77.15
28.72,77.16
28.72,77.17
28.72,77.18
28.72,77.19
28.72,77.2
28.72,77.21000000000001
28.72,77.22
28.72,77.23
28.72,77.24000000000001
28.72,77.25
28.72,77.26
28.72,77.27
28.72,77.28
28.72,77.29
28.72,77.3
28.72,77.31
28.72,77.32000000000001
28.72,77.33
28.72,77.34
28.72,77.35000000000001
28.72,77.36
28.72,77.37
28.72,77.38000000000001
28.72,77.39
28.72,77.4
28.729999999999997,76.85
28.729999999999997,76.86
28.729999999999997,76.86999999999999
28.729999999999997,76.88
28.729999999999997,76.89
28.729999999999997,76.89999999999999
28.729999999999997,76.91
28.729999999999997,76.92
28.729999999999997,76.92999999999999
28.729999999999997,76.94
28.729999999999997,76.95
28.729999999999997,76.96
28.729999999999997,76.97
28.729999999999997,76.98
28.729999999999997,76.99
28.729999999999997,77.0
28.729999999999997,77.00999999999999
28.729999999999997,77.02
28.729999999999997,77.03
28.729999999999997,77.03999999999999
28.729999999999997,77.05
28.729999999999997,77.06
28.729999999999997,77.07
28.729999999999997,77.08
28.729999999999997,77.09
28.729999999999997,77.1
28.729999999999997,77.11
28.729999999999997,77.12
28.729999999999997,77.13
28.729999999999997,77.14
28.729999999999997,77.15
28.729999999999997,77.16
28.729999999999997,77.17
28.729999999999997,77.18
28.729999999999997,77.19
28.729999999999997,77.2
28.729999999999997,77.21000000000001
28.729999999999997,77.22
28.729999999999997,77.23
28.729999999999997,77.24000000000001
28.729999999999997,77.25
28.729999999999997,77.26
28.729999999999997,77.27
28.729999999999997,77.28
28.729999999999997,77.29
28.729999999999997,77.3
28.729999999999997,77.31
28.729999999999997,77.32000000000001
28.729999999999997,77.33
28.729999999999997,77.34
28.729999999999997,77.35000000000001
28.729999999999997,77.36
28.729999999999997,77.37
28.729999999999997,77.38000000000001
28.729999999999997,77.39
28.729999999999997,77.4
28.74,76.85
28.74,76.86
28.74,76.86999999999999
28.74,76.88
28.74,76.89
28.74,76.89999999999999
28.74,76.91
28.74,76.92
28.74,76.92999999999999
28.74,76.94
28.74,76.95
28.74,76.96
28.74,76.97
28.74,76.98
28.74,76.99
28.74,77.0
28.74,77.00999999999999
28.74,77.02
28.74,77.03
28.74,77.03999999999999
28.74,77.05
28.74,77.06
28.74,77.07
28.74,77.08
28.74,77.09
28.74,77.1
28.74,77.11
28.74,77.12
28.74,77.13
28.74,77.14
28.74,77.15
28.74,77.16
28.74,77.17
28.74,77.18
28.74,77.19
28.74,77.2
28.74,77.21000000000001
28.74,77.22
28.74,77.23
28.74,77.24000000000001
28.74,77.25
28.74,77.26
28.74,77.27
28.74,77.28
28.74,77.29
28.74,77.3
28.74,77.31
28.74,77.32000000000001
28.74,77.33
28.74,77.34
28.74,77.35000000000001
28.74,77.36
28.74,77.37
28.74,77.38000000000001
28.74,77.39
28.74,77.4
28.75,76.85
28.75,76.86
28.75,76.86999999999999
28.75,76.88
28.75,76.89
28.75,76.89999999999999
28.75,76.91
28.75,76.92
28.75,76.92999999999999
28.75,76.94
28.75,76.95
28.75,76.96
28.75,76.97
28.75,76.98
28.75,76.99
28.75,77.0
28.75,77.00999999999999
28.75,77.02
28.75,77.03
28.75,77.03999999999999
28.75,77.05
28.75,77.06
28.75,77.07
28.75,77.08
28.75,77.09
28.75,77.1
28.75,77.11
28.75,77.12
28.75,77.13
28.75,77.14
28.75,77.15
28.75,77.16
28.75,77.17
28.75,77.18
28.75,77.19
28.75,77.2
28.75,77.21000000000001
28.75,77.22
28.75,77.23
28.75,77.24000000000001
28.75,77.25
28.75,77.26
28.75,77.27
28.75,77.28
28.75,77.29
28.75,77.3
28.75,77.31
28.75,77.32000000000001
28.75,77.33
28.75,77.34
28.75,77.35000000000001
28.75,77.36
28.75,77.37
28.75,77.38000000000001
28.75,77.39
28.75,77.4
28.759999999999998,76.85
28.759999999999998,76.86
28.759999999999998,76.86999999999999
28.759999999999998,76.88
28.759999999999998,76.89
28.759999999999998,76.89999999999999
28.759999999999998,76.91
28.759999999999998,76.92
28.759999999999998,76.92999999999999
28.759999999999998,76.94
28.759999999999998,76.95
28.759999999999998,76.96
28.759999999999998,76.97
28.759999999999998,76.98
28.759999999999998,76.99
28.759999999999998,77.0
28.759999999999998,77.00999999999999
28.759999999999998,77.02
28.759999999999998,77.03
28.759999999999998,77.03999999999999
28.759999999999998,77.05
28.759999999999998,77.06
28.759999999999998,77.07
28.759999999999998,77.08
28.759999999999998,77.09
28.759999999999998,77.1
28.759999999999998,77.11
28.759999999999998,77.12
28.759999999999998,77.13
28.759999999999998,77.14
28.759999999999998,77.15
28.759999999999998,77.16
28.759999999999998,77.17
28.759999999999998,77.18
28.759999999999998,77.19
28.759999999999998,77.2
28.759999999999998,77.21000000000001
28.759999999999998,77.22
28.759999999999998,77.23
28.759999999999998,77.24000000000001
28.759999999999998,77.25
28.759999999999998,77.26
28.759999999999998,77.27
28.759999999999998,77.28
28.759999999999998,77.29
28.759999999999998,77.3
28.759999999999998,77.31
28.759999999999998,77.32000000000001
28.759999999999998,77.33
28.759999999999998,77.34
28.759999999999998,77.35000000000001
28.759999999999998,77.36
28.759999999999998,77.37
28.759999999999998,77.38000000000001
28.759999999999998,77.39
28.759999999999998,77.4
28.77,76.85
28.77,76.86
28.77,76.86999999999999
28.77,76.88
28.77,76.89
28.77,76.89999999999999
28.77,76.91
28.77,76.92
28.77,76.92999999999999
28.77,76.94
28.77,76.95
28.77,76.96
28.77,76.97
28.77,76.98
28.77,76.99
28.77,77.0
28.77,77.00999999999999
28.77,77.02
28.77,77.03
28.77,77.03999999999999
28.77,77.05
28.77,77.06
28.77,77.07
28.77,77.08
28.77,77.09
28.77,77.1
28.77,77.11
28.77,77.12
28.77,77.13
28.77,77.14
28.77,77.15
28.77,77.16
28.77,77.17
28.77,77.18
28.77,77.19
28.77,77.2
28.77,77.21000000000001
28.77,77.22
28.77,77.23
28.77,77.24000000000001
28.77,77.25
28.77,77.26
28.77,77.27
28.77,77.28
28.77,77.29
28.77,77.3
28.77,77.31
28.77,77.32000000000001
28.77,77.33
28.77,77.34
28.77,77.35000000000001
28.77,77.36
28.77,77.37
28.77,77.38000000000001
28.77,77.39
28.77,77.4
28.779999999999998,76.85
28.779999999999998,76.86
28.779999999999998,76.86999999999999
28.779999999999998,76.88
28.779999999999998,76.89
28.779999999999998,76.89999999999999
28.779999999999998,76.91
28.779999999999998,76.92
28.779999999999998,76.92999999999999
28.779999999999998,76.94
28.779999999999998,76.95
28.779999999999998,76.96
28.779999999999998,76.97
28.779999999999998,76.98
28.779999999999998,76.99
28.779999999999998,77.0
28.779999999999998,77.00999999999999
28.779999999999998,77.02
28.779999999999998,77.03
28.779999999999998,77.03999999999999
28.779999999999998,77.05
28.779999999999998,77.06
28.779999999999998,77.07
28.779999999999998,77.08
28.779999999999998,77.09
28.779999999999998,77.1
28.779999999999998,77.11
28.779999999999998,77.12
28.779999999999998,77.13
28.779999999999998,77.14
28.779999999999998,77.15
28.779999999999998,77.16
28.779999999999998,77.17
28.779999999999998,77.18
28.779999999999998,77.19
28.779999999999998,77.2
28.779999999999998,77.21000000000001
28.779999999999998,77.22
28.779999999999998,77.23
28.779999999999998,77.24000000000001
28.779999999999998,77.25
28.779999999999998,77.26
28.779999999999998,77.27
28.779999999999998,77.28
28.779999999999998,77.29
28.779999999999998,77.3
28.779999999999998,77.31
28.779999999999998,77.32000000000001
28.779999999999998,77.33
28.779999999999998,77.34
28.779999999999998,77.35000000000001
28.779999999999998,77.36
28.779999999999998,77.37
28.779999999999998,77.38000000000001
28.779999999999998,77.39
28.779999999999998,77.4
28.79,76.85
28.79,76.86
28.79,76.86999999999999
28.79,76.88
28.79,76.89
28.79,76.89999999999999
28.79,76.91
28.79,76.92
28.79,76.92999999999999
28.79,76.94
28.79,76.95
28.79,76.96
28.79,76.97
28.79,76.98
28.79,76.99
28.79,77.0
28.79,77.00999999999999
28.79,77.02
28.79,77.03
28.79,77.03999999999999
28.79,77.05
28.79,77.06
28.79,77.07
28.79,77.08
28.79,77.09
28.79,77.1
28.79,77.11
28.79,77.12
28.79,77.13
28.79,77.14
28.79,77.15
28.79,77.16
28.79,77.17
28.79,77.18
28.79,77.19
28.79,77.2
28.79,77.21000000000001
28.79,77.22
28.79,77.23
28.79,77.24000000000001
28.79,77.25
28.79,77.26
28.79,77.27
28.79,77.28
28.79,77.29
28.79,77.3
28.79,77.31
28.79,77.32000000000001
28.79,77.33
28.79,77.34
28.79,77.35000000000001
28.79,77.36
28.79,77.37
28.79,77.38000000000001
28.79,77.39
28.79,77.4
28.799999999999997,76.85
28.799999999999997,76.86
28.799999999999997,76.86999999999999
28.799999999999997,76.88
28.799999999999997,76.89
28.799999999999997,76.89999999999999
28.799999999999997,76.91
28.799999999999997,76.92
28.799999999999997,76.92999999999999
28.799999999999997,76.94
28.799999999999997,76.95
28.799999999999997,76.96
28.799999999999997,76.97
28.799999999999997,76.98
28.799999999999997,76.99
28.799999999999997,77.0
28.799999999999997,77.00999999999999
28.799999999999997,77.02
28.799999999999997,77.03
28.799999999999997,77.03999999999999
28.799999999999997,77.05
28.799999999999997,77.06
28.799999999999997,77.07
28.799999999999997,77.08
28.799999999999997,77.09
28.799999999999997,77.1
28.799999999999997,77.11
28.799999999999997,77.12
28.799999999999997,77.13
28.799999999999997,77.14
28.799999999999997,77.15
28.799999999999997,77.16
28.799999999999997,77.17
28.799999999999997,77.18
28.799999999999997,77.19
28.799999999999997,77.2
28.799999999999997,77.21000000000001
28.799999999999997,77.22
28.799999999999997,77.23
28.799999999999997,77.24000000000001
28.799999999999997,77.25
28.799999999999997,77.26
28.799999999999997,77.27
28.799999999999997,77.28
28.799999999999997,77.29
28.799999999999997,77.3
28.799999999999997,77.31
28.799999999999997,77.32000000000001
28.799999999999997,77.33
28.799999999999997,77.34
28.799999999999997,77.35000000000001
28.799999999999997,77.36
28.799999999999997,77.37
28.799999999999997,77.38000000000001
28.799999999999997,77.39
28.799999999999997,77.4
28.81,76.85
28.81,76.86
28.81,76.86999999999999
28.81,76.88
28.81,76.89
28.81,76.89999999999999
28.81,76.91
28.81,76.92
28.81,76.92999999999999
28.81,76.94
28.81,76.95
28.81,76.96
28.81,76.97
28.81,76.98
28.81,76.99
28.81,77.0
28.81,77.00999999999999
28.81,77.02
28.81,77.03
28.81,77.03999999999999
28.81,77.05
28.81,77.06
28.81,77.07
28.81,77.08
28.81,77.09
28.81,77.1
28.81,77.11
28.81,77.12
28.81,77.13
28.81,77.14
28.81,77.15
28.81,77.16
28.81,77.17
28.81,77.18
28.81,77.19
28.81,77.2
28.81,77.21000000000001
28.81,77.22
28.81,77.23
28.81,77.24000000000001
28.81,77.25
28.81,77.26
28.81,77.27
28.81,77.28
28.81,77.29
28.81,77.3
28.81,77.31
28.81,77.32000000000001
28.81,77.33
28.81,77.34
28.81,77.35000000000001
28.81,77.36
28.81,77.37
28.81,77.38000000000001
28.81,77.39
28.81,77.4
28.82,76.85
28.82,76.86
28.82,76.86999999999999
28.82,76.88
28.82,76.89
28.82,76.89999999999999
28.82,76.91
28.82,76.92
28.82,76.92999999999999
28.82,76.94
28.82,76.95
28.82,76.96
28.82,76.97
28.82,76.98
28.82,76.99
28.82,77.0
28.82,77.00999999999999
28.82,77.02
28.82,77.03
28.82,77.03999999999999
28.82,77.05
28.82,77.06
28.82,77.07
28.82,77.08
28.82,77.09
28.82,77.1
28.82,77.11
28.82,77.12
28.82,77.13
28.82,77.14
28.82,77.15
28.82,77.16
28.82,77.17
28.82,77.18
28.82,77.19
28.82,77.2
28.82,77.21000000000001
28.82,77.22
28.82,77.23
28.82,77.24000000000001
28.82,77.25
28.82,77.26
28.82,77.27
28.82,77.28
28.82,77.29
28.82,77.3
28.82,77.31
28.82,77.32000000000001
28.82,77.33
28.82,77.34
28.82,77.35000000000001
28.82,77.36
28.82,77.37
28.82,77.38000000000001
28.82,77.39
28.82,77.4
28.83,76.85
28.83,76.86
28.83,76.86999999999999
28.83,76.88
28.83,76.89
28.83,76.89999999999999
28.83,76.91
28.83,76.92
28.83,76.92999999999999
28.83,76.94
28.83,76.95
28.83,76.96
28.83,76.97
28.83,76.98
28.83,76.99
28.83,77.0
28.83,77.00999999999999
28.83,77.02
28.83,77.03
28.83,77.03999999999999
28.83,77.05
28.83,77.06
28.83,77.07
28.83,77.08
28.83,77.09
28.83,77.1
28.83,77.11
28.83,77.12
28.83,77.13
28.83,77.14
28.83,77.15
28.83,77.16
28.83,77.17
28.83,77.18
28.83,77.19
28.83,77.2
28.83,77.21000000000001
28.83,77.22
28.83,77.23
28.83,77.24000000000001
28.83,77.25
28.83,77.26
28.83,77.27
28.83,77.28
28.83,77.29
28.83,77.3
28.83,77.31
28.83,77.32000000000001
28.83,77.33
28.83,77.34
28.83,77.35000000000001
28.83,77.36
28.83,77.37
28.83,77.38000000000001
28.83,77.39
28.83,77.4
28.84,76.85
28.84,76.86
28.84,76.86999999999999
28.84,76.88
28.84,76.89
28.84,76.89999999999999
28.84,76.91
28.84,76.92
28.84,76.92999999999999
28.84,76.94
28.84,76.95
28.84,76.96
28.84,76.97
28.84,76.98
28.84,76.99
28.84,77.0
28.84,77.00999999999999
28.84,77.02
28.84,77.03
28.84,77.03999999999999
28.84,77.05
28.84,77.06
28.84,77.07
28.84,77.08
28.84,77.09
28.84,77.1
28.84,77.11
28.84,77.12
28.84,77.13
28.84,77.14
28.84,77.15
28.84,77.16
28.84,77.17
28.84,77.18
28.84,77.19
28.84,77.2
28.84,77.21000000000001
28.84,77.22
28.84,77.23
28.84,77.24000000000001
28.84,77.25
28.84,77.26
28.84,77.27
28.84,77.28
28.84,77.29
28.84,77.3
28.84,77.31
28.84,77.32000000000001
28.84,77.33
28.84,77.34
28.84,77.35000000000001
28.84,77.36
28.84,77.37
28.84,77.38000000000001
28.84,77.39
28.84,77.4
28.849999999999998,76.85
28.849999999999998,76.86
28.849999999999998,76.86999999999999
28.849999999999998,76.88
28.849999999999998,76.89
28.849999999999998,76.89999999999999
28.849999999999998,76.91
28.849999999999998,76.92
28.849999999999998,76.92999999999999
28.849999999999998,76.94
28.849999999999998,76.95
28.849999999999998,76.96
28.849999999999998,76.97
28.849999999999998,76.98
28.849999999999998,76.99
28.849999999999998,77.0
28.849999999999998,77.00999999999999
28.849999999999998,77.02
28.849999999999998,77.03
28.849999999999998,77.03999999999999
28.849999999999998,77.05
28.849999999999998,77.06
28.849999999999998,77.07
28.849999999999998,77.08
28.849999999999998,77.09
28.849999999999998,77.1
28.849999999999998,77.11
28.849999999999998,77.12
28.849999999999998,77.13
28.849999999999998,77.14
28.849999999999998,77.15
28.849999999999998,77.16
28.849999999999998,77.17
28.849999999999998,77.18
28.849999999999998,77.19
28.849999999999998,77.2
28.849999999999998,77.21000000000001
28.849999999999998,77.22
28.849999999999998,77.23
28.849999999999998,77.24000000000001
28.849999999999998,77.25
28.849999999999998,77.26
28.849999999999998,77.27
28.849999999999998,77.28
28.849999999999998,77.29
28.849999999999998,77.3
28.849999999999998,77.31
28.849999999999998,77.32000000000001
28.849999999999998,77.33
28.849999999999998,77.34
28.849999999999998,77.35000000000001
28.849999999999998,77.36
28.849999999999998,77.37
28.849999999999998,77.38000000000001
28.849999999999998,77.39
28.849999999999998,77.4
28.86,76.85
28.86,76.86
28.86,76.86999999999999
28.86,76.88
28.86,76.89
28.86,76.89999999999999
28.86,76.91
28.86,76.92
28.86,76.92999999999999
28.86,76.94
28.86,76.95
28.86,76.96
28.86,76.97
28.86,76.98
28.86,76.99
28.86,77.0
28.86,77.00999999999999
28.86,77.02
28.86,77.03
28.86,77.03999999999999
28.86,77.05
28.86,77.06
28.86,77.07
28.86,77.08
28.86,77.09
28.86,77.1
28.86,77.11
28.86,77.12
28.86,77.13
28.86,77.14
28.86,77.15
28.86,77.16
28.86,77.17
28.86,77.18
28.86,77.19
28.86,77.2
28.86,77.21000000000001
28.86,77.22
28.86,77.23
28.86,77.24000000000001
28.86,77.25
28.86,77.26
28.86,77.27
28.86,77.28
28.86,77.29
28.86,77.3
28.86,77.31
28.86,77.32000000000001
28.86,77.33
28.86,77.34
28.86,77.35000000000001
28.86,77.36
28.86,77.37
28.86,77.38000000000001
28.86,77.39
28.86,77.4
28.869999999999997,76.85
28.869999999999997,76.86
28.869999999999997,76.86999999999999
28.869999999999997,76.88
28.869999999999997,76.89
28.869999999999997,76.89999999999999
28.869999999999997,76.91
28.869999999999997,76.92
28.869999999999997,76.92999999999999
28.869999999999997,76.94
28.869999999999997,76.95
28.869999999999997,76.96
28.869999999999997,76.97
28.869999999999997,76.98
28.869999999999997,76.99
28.869999999999997,77.0
28.869999999999997,77.00999999999999
28.869999999999997,77.02
28.869999999999997,77.03
28.869999999999997,77.03999999999999
28.869999999999997,77.05
28.869999999999997,77.06
28.869999999999997,77.07
28.869999999999997,77.08
28.869999999999997,77.09
28.869999999999997,77.1
28.869999999999997,77.11
28.869999999999997,77.12
28.869999999999997,77.13
28.869999999999997,77.14
28.869999999999997,77.15
28.869999999999997,77.16
28.869999999999997,77.17
28.869999999999997,77.18
28.869999999999997,77.19
28.869999999999997,77.2
28.869999999999997,77.21000000000001
28.869999999999997,77.22
28.869999999999997,77.23
28.869999999999997,77.24000000000001
28.869999999999997,77.25
28.869999999999997,77.26
28.869999999999997,77.27
28.869999999999997,77.28
28.869999999999997,77.29
28.869999999999997,77.3
28.869999999999997,77.31
28.869999999999997,77.32000000000001
28.869999999999997,77.33
28.869999999999997,77.34
28.869999999999997,77.35000000000001
28.869999999999997,77.36
28.869999999999997,77.37
28.869999999999997,77.38000000000001
28.869999999999997,77.39
28.869999999999997,77.4
28.88,76.85
28.88,76.86
28.88,76.86999999999999
28.88,76.88
28.88,76.89
28.88,76.89999999999999
28.88,76.91
28.88,76.92
28.88,76.92999999999999
28.88,76.94
28.88,76.95
28.88,76.96
28.88,76.97
28.88,76.98
28.88,76.99
28.88,77.0
28.88,77.00999999999999
28.88,77.02
28.88,77.03
28.88,77.03999999999999
28.88,77.05
28.88,77.06
28.88,77.07
28.88,77.08
28.88,77.09
28.88,77.1
28.88,77.11
28.88,77.12
28.88,77.13
28.88,77.14
28.88,77.15
28.88,77.16
28.88,77.17
28.88,77.18
28.88,77.19
28.88,77.2
28.88,77.21000000000001
28.88,77.22
28.88,77.23
28.88,77.24000000000001
28.88,77.25
28.88,77.26
28.88,77.27
28.88,77.28
28.88,77.29
28.88,77.3
28.88,77.31
28.88,77.32000000000001
28.88,77.33
28.88,77.34
28.88,77.35000000000001
28.88,77.36
28.88,77.37
28.88,77.38000000000001
28.88,77.39
28.88,77.4
28.889999999999997,76.85
28.889999999999997,76.86
28.889999999999997,76.86999999999999
28.889999999999997,76.88
28.889999999999997,76.89
28.889999999999997,76.89999999999999
28.889999999999997,76.91
28.889999999999997,76.92
28.889999999999997,76.92999999999999
28.889999999999997,76.94
28.889999999999997,76.95
28.889999999999997,76.96
28.889999999999997,76.97
28.889999999999997,76.98
28.889999999999997,76.99
28.889999999999997,77.0
28.889999999999997,77.00999999999999
28.889999999999997,77.02
28.889999999999997,77.03
28.889999999999997,77.03999999999999
28.889999999999997,77.05
28.889999999999997,77.06
28.889999999999997,77.07
28.889999999999997,77.08
28.889999999999997,77.09
28.889999999999997,77.1
28.889999999999997,77.11
28.889999999999997,77.12
28.889999999999997,77.13
28.889999999999997,77.14
28.889999999999997,77.15
28.889999999999997,77.16
28.889999999999997,77.17
28.889999999999997,77.18
28.889999999999997,77.19
28.889999999999997,77.2
28.889999999999997,77.21000000000001
28.889999999999997,77.22
28.889999999999997,77.23
28.889999999999997,77.24000000000001
28.889999999999997,77.25
28.889999999999997,77.26
28.889999999999997,77.27
28.889999999999997,77.28
28.889999999999997,77.29
28.889999999999997,77.3
28.889999999999997,77.31
28.889999999999997,77.32000000000001
28.889999999999997,77.33
28.889999999999997,77.34
28.889999999999997,77.35000000000001
28.889999999999997,77.36
28.889999999999997,77.37
28.889999999999997,77.38000000000001
28.889999999999997,77.39
28.889999999999997,77.4
28.9,76.85
28.9,76.86
28.9,76.86999999999999
28.9,76.88
28.9,76.89
28.9,76.89999999999999
28.9,76.91
28.9,76.92
28.9,76.92999999999999
28.9,76.94
28.9,76.95
28.9,76.96
28.9,76.97
28.9,76.98
28.9,76.99
28.9,77.0
28.9,77.00999999999999
28.9,77.02
28.9,77.03
28.9,77.03999999999999
28.9,77.05
28.9,77.06
28.9,77.07
28.9,77.08
28.9,77.09
28.9,77.1
28.9,77.11
28.9,77.12
28.9,77.13
28.9,77.14
28.9,77.15
28.9,77.16
28.9,77.17
28.9,77.18
28.9,77.19
28.9,77.2
28.9,77.21000000000001
28.9,77.22
28.9,77.23
28.9,77.24000000000001
28.9,77.25
28.9,77.26
28.9,77.27
28.9,77.28
28.9,77.29
28.9,77.3
28.9,77.31
28.9,77.32000000000001
28.9,77.33
28.9,77.34
28.9,77.35000000000001
28.9,77.36
28.9,77.37
28.9,77.38000000000001
28.9,77.39
28.9,77.4
